model,accuracy,precision,recall,f1_score,roc_auc,tn,fp,fn,tp
Logistic Regression,0.8422018348623853,0.84472049689441,0.807920792079208,0.8419011638211584,0.928929508335449,510,75,97,408
Random Forest,0.998165137614679,0.9960552268244576,1.0,0.9981653797759797,1.0,583,2,0,505
Gradient Boosting,0.9990825688073395,0.9980237154150198,1.0,0.9990826301319681,0.9993703985783193,584,1,0,505
